Amersham|Chalfont & Latimer
Chesham|Chalfont & Latimer
Chorleywood|Chalfont & Latimer
Chorleywood|Rickmansworth
Moor Park|Rickmansworth
Moor Park|Croxley
Watford|Croxley
Moor Park|Northwood
Northwood Hills|Northwood
Northwood Hills|Pinner
North Harrow|Pinner
North Harrow|Harrow-on-the-Hill
West Harrow|Harrow-on-the-Hill
West Harrow|Rayners Lane
Eastcote|Rayners Lane
Eastcote|Ruislip Manor
Ruislip|Ruislip Manor
Ruislip|Ickenham
Hillingdon|Ickenham
Hillingdon|Uxbridge
Northwick Park|Harrow-on-the-Hill
Northwick Park|Preston Road
Wembley Park|Preston Road
Wembley Park|Finchley Road
Baker Street|Finchley Road
Baker Street|Great Portland Street
Euston Square|Great Portland Street
Euston Square|King's Cross St Pancras
Farringdon|King's Cross St Pancras
Farringdon|Barbican
Moorgate|Barbican
Moorgate|Liverpool Street
Aldgate|Liverpool Street
West Ruislip|Ruislip Gardens
South Ruislip|Ruislip Gardens
South Ruislip|Northholt
Greenford|Northholt
Greenford|Perivale
Hanger Lane|Perivale
Hanger Lane|North Acton
West Acton|North Acton
West Acton|Ealing Broadway
East Acton|North Acton
East Acton|White City
Shepherd's Bush|White City
Shepherd's Bush|Holland Park
Notting Hill Gate|Holland Park
Notting Hill Gate|Queensway
Lancaster Gate|Queensway
Lancaster Gate|Marble Arch
Bond Street|Marble Arch
Bond Street|Oxford Circus
Tottenham Court Road|Oxford Circus
Tottenham Court Road|Holborn
Chancery Lane|Holborn
Chancery Lane|St Paul's
Bank|St Paul's
Bank|Liverpool Street
Bethnal Green|Liverpool Street
Bethnal Green|Mile End
Stratford|Mile End
Stratford|Leyton
Leytonstone|Leyton
Leytonstone|Wanstead
Redbridge|Wanstead
Redbridge|Gants Hill
Newbury Park|Gants Hill
Newbury Park|Barkingside
Fairlop|Barkingside
Fairlop|Hainault
Grange Hill|Hainault
Grange Hill|Chigwell
Roding Valley|Chigwell
Roding Valley|Woodford
Leytonstone|Snaresbrook
South Woodford|Snaresbrook
South Woodford|Woodford
Buckhurst Hill|Woodford
Buckhurst Hill|Loughton
Debden|Loughton
Debden|Theydon Bois
Epping|Theydon Bois
Harrow & Wealdstone|Kenton
South Kenton|Kenton
South Kenton|North Wembley
Wembley Central|North Wembley
Wembley Central|Stonebridge Park
Harlesden|Stonebridge Park
Harlesden|Willesden Junction
Kensal Green|Willesden Junction
Kensal Green|Queen's Park
Kilburn Park|Queen's Park
Kilburn Park|Maida Vale
Warwick Avenue|Maida Vale
Warwick Avenue|Paddington
Edgware Road|Paddington
Edgware Road|Marylebone
Baker Street|Marylebone
Baker Street|Regent's Park
Oxford Circus|Regent's Park
Oxford Circus|Piccadilly Circus
Charing Cross|Piccadilly Circus
Charing Cross|Embankment
Waterloo|Embankment
Waterloo|Lambeth North
Elephant & Castle|Lambeth North
Stanmore|Canons Park
Queensbury|Canons Park
Queensbury|Kingsbury
Wembley Park|Kingsbury
Wembley Park|Neasden
Dollis Hill|Neasden
Dollis Hill|Willesden Green
Kilburn|Willesden Green
Kilburn|West Hampstead
Finchley Road|West Hampstead
Finchley Road|Swiss Cottage
St John's Wood|Swiss Cottage
St John's Wood|Baker Street
Bond Street|Baker Street
Bond Street|Green Park
Westminster|Green Park
Westminster|Waterloo
Southwark|Waterloo
Southwark|London Bridge
Bermondsey|London Bridge
Bermondsey|Canada Water
Canary Wharf|Canada Water
Canary Wharf|North Greenwich
Canning Town|North Greenwich
Canning Town|West Ham
Stratford|West Ham
Edgware|Burnt Oak
Colindale|Burnt Oak
Colindale|Hendon Central
Brent Cross|Hendon Central
Brent Cross|Golders Green
Hampstead|Golders Green
Hampstead|Belsize Park
Chalk Farm|Belsize Park
Chalk Farm|Camden Town
Kentish Town|Camden Town
Kentish Town|Tufnell Park
Archway|Tufnell Park
Archway|Highgate
East Finchley|Highgate
East Finchley|Finchley Central
Mill Hill East|Finchley Central
West Finchley|Finchley Central
West Finchley|Woodside Park
Totteridge & Whetstone|Woodside Park
Totteridge & Whetstone|High Barnet
Euston|Camden Town
Mornington Crescent|Camden Town
Mornington Crescent|Euston
Euston|King's Cross St Pancras
Angel|King's Cross St Pancras
Angel|Old Street
Moorgate|Old Street
Moorgate|Bank
London Bridge|Bank
London Bridge|Borough
Elephant & Castle|Borough
Elephant & Castle|Kennington
Warren Street|Euston
Warren Street|Goodge Street
Tottenham Court Road|Goodge Street
Tottenham Court Road|Leicester Square
Charing Cross|Leicester Square
Charing Cross|Embankment
Waterloo|Embankment
Waterloo|Kennington
Oval|Kennington
Oval|Stockwell
Clapham North|Stockwell
Clapham North|Clapham Common
Clapham South|Clapham Common
Clapham South|Balham
Tooting Bec|Balham
Tooting Bec|Tooting Broadway
Colliers Wood|Tooting Broadway
Colliers Wood|South Wimbledon
Morden|South Wimbledon
Cockfosters|Oakwood
Southgate|Oakwood
Southgate|Arnos Grove
Bounds Green|Arnos Grove
Bounds Green|Wood Green
Turnpike Lane|Wood Green
Turnpike Lane|Manor House
Finsbury Park|Manor House
Finsbury Park|Arsenal
Holloway Road|Arsenal
Holloway Road|Caledonian Road
King's Cross St Pancras|Caledonian Road
King's Cross St Pancras|Russell Square
Holborn|Russell Square
Holborn|Covent Garden
Leicester Square|Covent Garden
Leicester Square|Piccadilly Circus
Green Park|Piccadilly Circus
Green Park|Hyde Park Corner
Knightsbridge|Hyde Park Corner
Knightsbridge|South Kensington
Gloucester Road|South Kensington
Gloucester Road|Earl's Court
Barons Court|Earl's Court
Barons Court|Hammersmith
Turnham Green|Hammersmith
Turnham Green|Acton Town
South Ealing|Acton Town
South Ealing|Northfields
Boston Manor|Northfields
Boston Manor|Osterley
Hounslow East|Osterley
Hounslow East|Hounslow Central
Hounslow West|Hounslow Central
Hounslow West|Hatton Cross
Heathrow Terminal 4|Hatton Cross
Heathrow Terminal 4|Heathrow Terminals 2 & 3
Hatton Cross|Heathrow Terminals 2 & 3
Heathrow Terminal 5|Heathrow Terminals 2 & 3
Ealing Common|Acton Town
Ealing Common|North Ealing
Park Royal|North Ealing
Park Royal|Alperton
Sudbury Town|Alperton
Sudbury Town|Sudbury Hill
South Harrow|Sudbury Hill
South Harrow|Rayners Lane
Eastcote|Rayners Lane
Eastcote|Ruislip Manor
Ruislip|Ruislip Manor
Ruislip|Ickenham
Hillingdon|Ickenham
Hillingdon|Uxbridge
Walthamstow Central|Blackhorse Road
Tottenham Hale|Blackhorse Road
Tottenham Hale|Seven Sisters
Finsbury Park|Seven Sisters
Finsbury Park|Highbury & Islington
King's Cross St Pancras|Highbury & Islington
King's Cross St Pancras|Warren Street
Oxford Circus|Warren Street
Oxford Circus|Green Park
Victoria|Green Park
Victoria|Pimlico
Vauxhall|Pimlico
Vauxhall|Stockwell
Brixton|Stockwell
Upminster|Upminster Bridge
Hornchurch|Upminster Bridge
Hornchurch|Elm Park
Dagenham East|Elm Park
Dagenham East|Dagenham Heathway
Becontree|Dagenham Heathway
Becontree|Upney
Barking|Upney
Barking|East Ham
Upton Park|East Ham
Upton Park|Plaistow
West Ham|Plaistow
West Ham|Bromley-by-Bow
Bow Road|Bromley-by-Bow
Bow Road|Mile End
Stepney Green|Mile End
Stepney Green|Whitechapel
Aldgate East|Whitechapel
Aldgate East|Tower Hill
Monument|Tower Hill
Monument|Cannon Street
Mansion House|Cannon Street
Mansion House|Blackfriars
Temple|Blackfriars
Temple|Embankment
Westminster|Embankment
Westminster|St James's Park
Victoria|St James's Park
Victoria|Sloane Square
South Kensington|Sloane Square
South Kensington|Gloucester Road
Earl's Court|Gloucester Road
Earl's Court|Kensington (Olympia)
Earl's Court|High Street Kensington
Notting Hill Gate|High Street Kensington
Notting Hill Gate|Bayswater
Paddington|Bayswater
Paddington|Edgware Road
Earl's Court|West Brompton
Fulham Broadway|West Brompton
Fulham Broadway|Parsons Green
Putney Bridge|Parsons Green
Putney Bridge|East Putney
Southfields|East Putney
Southfields|Wimbledon Park
Wimbledon|Wimbledon Park
Earl's Court|West Kensington
Barons Court|West Kensington
Barons Court|Hammersmith
Ravenscourt Park|Hammersmith
Ravenscourt Park|Stamford Brook
Turnham Green|Stamford Brook
Turnham Green|Gunnersbury
Kew Gardens|Gunnersbury
Kew Gardens|Richmond
Turnham Green|Chiswick Park
Acton Town|Chiswick Park
Acton Town|Ealing Common
Ealing Broadway|Ealing Common
Hammersmith|Goldhawk Road
Shepherd's Bush Market|Goldhawk Road
Shepherd's Bush Market|Wood Lane
Latimer Road|Wood Lane
Latimer Road|Ladbroke Grove
Westbourne Park|Ladbroke Grove
Westbourne Park|Royal Oak
Paddington|Royal Oak
Paddington|Edgware Road
Baker Street|Edgware Road
Baker Street|Great Portland Street
Euston Square|Great Portland Street
Euston Square|King's Cross St Pancras
Farringdon|King's Cross St Pancras
Farringdon|Barbican
Moorgate|Barbican
Moorgate|Liverpool Street
Aldgate East|Liverpool Street
Aldgate East|Whitechapel
Stepney Green|Whitechapel
Stepney Green|Mile End
Bow Road|Mile End
Bow Road|Bromley-by-Bow
West Ham|Bromley-by-Bow
West Ham|Plaistow
Upton Park|Plaistow
Upton Park|East Ham
Barking|East Ham
Hammersmith|Goldhawk Road
Shepherd's Bush Market|Goldhawk Road
Shepherd's Bush Market|Wood Lane
Latimer Road|Wood Lane
Latimer Road|Ladbroke Grove
Westbourne Park|Ladbroke Grove
Westbourne Park|Royal Oak
Paddington|Royal Oak
Paddington|Edgware Road
Baker Street|Edgware Road
Baker Street|Great Portland Street
Euston Square|Great Portland Street
Euston Square|King's Cross St Pancras
Farringdon|King's Cross St Pancras
Farringdon|Barbican
Moorgate|Barbican
Moorgate|Liverpool Street
Aldgate|Liverpool Street
Aldgate|Tower Hill
Monument|Tower Hill
Monument|Cannon Street
Mansion House|Cannon Street
Mansion House|Blackfriars
Temple|Blackfriars
Temple|Embankment
Westminster|Embankment
Westminster|St James's Park
Victoria|St James's Park
Victoria|Sloane Square
South Kensington|Sloane Square
South Kensington|Gloucester Road
High Street Kensington|Gloucester Road
High Street Kensington|Notting Hill Gate
Bayswater|Notting Hill Gate
Bayswater|Paddington
Edgware Road|Paddington
Waterloo|Bank
Stratford International|Stratford
Stratford High Street|Stratford
Stratford High Street|Abbey Road
West Ham|Abbey Road
West Ham|Star Lane
Canning Town|Star Lane
Pudding Mill Lane|Stratford
Pudding Mill Lane|Bow Church
Devons Road|Bow Church
Devons Road|Langdon Park
All Saints|Langdon Park
All Saints|Poplar
Blackwall|Poplar
Blackwall|East India
Canning Town|East India
Canning Town|West Silvertown
Pontoon Dock|West Silvertown
Pontoon Dock|London City Airport
King George V|London City Airport
King George V|Woolwich Arsenal
Canning Town|Royal Victoria
Custom House for ExCel|Royal Victoria
Custom House for ExCel|Prince Regent
Royal Albert|Prince Regent
Royal Albert|Beckton Park
Cyprus|Beckton Park
Cyprus|Gallions Reach
Beckton|Gallions Reach
West India Quay|Poplar
West India Quay|Canary Wharf
Heron Quays|Canary Wharf
Heron Quays|South Quay
Crossharbour|South Quay
Crossharbour|Mudchute
Island Gardens|Mudchute
Island Gardens|Cutty Sark for Maritime Greenwich
Greenwich|Cutty Sark for Maritime Greenwich
Greenwich|Deptford Bridge
Elverson Road|Deptford Bridge
Elverson Road|Lewisham
Westferry|Poplar
West India Quay|Westferry
Westferry|Limehouse
Shadwell|Limehouse
Shadwell|Bank
Shadwell|Tower Gateway
Emirates Royal Docks|Emirates Greenwich Penisula
Watford Junction|Watford High Street
Bushey|Watford High Street
Bushey|Carpenders Park
Hatch End|Carpenders Park
Hatch End|Headstone Lane
Harrow & Wealdstone|Headstone Lane
Harrow & Wealdstone|Kenton
South Kenton|Kenton
South Kenton|North Wembley
Wembley Central|North Wembley
Wembley Central|Stonebridge Park
Harlesden|Stonebridge Park
Harlesden|Willesden Junction
Kensal Green|Willesden Junction
Kensal Green|Queen's Park
Kilburn High Road|Queen's Park
Kilburn High Road|South Hampstead
Euston|South Hampstead
Kensal Rise|Willesden Junction
Kensal Rise|Brondesbury Park
Brondesbury|Brondesbury Park
Brondesbury|West Hampstead
Finchley Road & Frognal|West Hampstead
Finchley Road & Frognal|Hampstead Heath
Gospel Oak|Hampstead Heath
Gospel Oak|Kentish Town West
Camden Road|Kentish Town West
Camden Road|Caledonian Road & Barnsbury
Highbury & Islington|Caledonian Road & Barnsbury
Highbury & Islington|Canonbury
Dalston Kingsland|Canonbury
Dalston Kingsland|Hackney Central
Homerton|Hackney Central
Homerton|Hackney Wick
Stratford|Hackney Wick
Gospel Oak|Upper Holloway
Crouch Hill|Upper Holloway
Crouch Hill|Harringay Green Lanes
South Tottenham|Harringay Green Lanes
South Tottenham|Blackhorse Road
Walthamstow Queen's Road|Blackhorse Road
Walthamstow Queen's Road|Leyton Midland Road
Leytonstone High Road|Leyton Midland Road
Leytonstone High Road|Wanstead Park
Woodgrange Park|Wanstead Park
Woodgrange Park|Barking
Highbury & Islington|Canonbury
Dalston Junction|Canonbury
Dalston Junction|Haggerston
Hoxton|Haggerston
Hoxton|Shoreditch High Street
Whitechapel|Shoreditch High Street
Whitechapel|Shadwell
Wapping|Shadwell
Wapping|Rotherhithe
Canada Water|Rotherhithe
Canada Water|Surrey Quays
New Cross|Surrey Quays
New Cross Gate|Surrey Quays
New Cross Gate|Brockley
Honor Oak Park|Brockley
Honor Oak Park|Forest Hill
Sydenham|Forest Hill
Sydenham|Crystal Palace
Sydenham|Penge West
Anerley|Penge West
Anerley|Norwood Junction
West Croydon|Norwood Junction
Queens Road Peckham|Surrey Quays
Queens Road Peckham|Peckham Rye
Denmark Hill|Peckham Rye
Denmark Hill|Clapham High Street
Wandsworth Road|Clapham High Street
Wandsworth Road|Clapham Junction
Imperial Wharf|Clapham Junction
Imperial Wharf|West Brompton
Kensington (Olympia)|West Brompton
Kensington (Olympia)|Shepherd's Bush
Willesden Junction|Shepherd's Bush
Willesden Junction|Acton Central
South Acton|Acton Central
South Acton|Gunnersbury
Kew Gardens|Gunnersbury
Kew Gardens|Richmond
Liverpool Street|Bethnal Green
Cambridge Heath|Bethnal Green
Cambridge Heath|London Fields
Hackney Downs|London Fields
Hackney Downs|Clapton
St James Street|Clapton
St James Street|Walthamstow Central
Wood Street|Walthamstow Central
Wood Street|Highams Park
Chingford|Highams Park
Hackney Downs|Rectory Road
Stoke Newington|Rectory Road
Stoke Newington|Stamford Hill
Seven Sisters|Stamford Hill
Seven Sisters|Bruce Grove
White Hart Lane|Bruce Grove
White Hart Lane|Silver Street
Edmonton Green|Silver Street
Edmonton Green|Bush Hill Park
Enfield Town|Bush Hill Park
Edmonton Green|Southbury
Turkey Street|Southbury
Turkey Street|Theobalds Grove
Cheshunt|Theobalds Grove
Romford|Emerson Park
Upminster|Emerson Park
Liverpool Street|Stratford
Maryland|Stratford
Maryland|Forest Gate
Manor Park|Forest Gate
Manor Park|Ilford
Seven Kings|Ilford
Seven Kings|Goodmayes
Chadwell Heath|Goodmayes
Chadwell Heath|Romford
Gidea Park|Romford
Gidea Park|Harold Wood
Brentwood|Harold Wood
Brentwood|Shenfield
Heathrow Terminal 4|Heathrow Terminals 2 & 3
Hayes & Harlington|Heathrow Terminals 2 & 3
Hayes & Harlington|Southall
Hanwell|Southall
Hanwell|West Ealing
Ealing Broadway|West Ealing
Ealing Broadway|Acton Main Line
Paddington|Acton Main Line
Wimbledon|Dundonald Road
Merton Park|Dundonald Road
Merton Park|Morden Road
Phipps Bridge|Morden Road
Phipps Bridge|Belgrave Walk
Mitcham|Belgrave Walk
Mitcham|Mitcham Junction
Beddington Lane|Mitcham Junction
Beddington Lane|Therapia Lane
Ampere Way|Therapia Lane
Ampere Way|Waddon Marsh
Wandle Park|Waddon Marsh
Wandle Park|Reeves Corner
Centrale|Reeves Corner
Centrale|West Croydon
Wellesley Road|West Croydon
Wellesley Road|East Croydon
George Street|East Croydon
George Street|Church Street
Centrale|Church Street
Wandle Park|Church Street
Lebanon Road|East Croydon
Lebanon Road|Sandilands
Lloyd Park|Sandilands
Lloyd Park|Coombe Lane
Gravel Hill|Coombe Lane
Gravel Hill|Addington Village
Fieldway|Addington Village
Fieldway|King Henry's Drive
New Addington|King Henry's Drive
Addiscombe|Sandilands
Addiscombe|Blackhorse Lane
Woodside|Blackhorse Lane
Woodside|Arena
Elmers End|Arena
Harrington Road|Arena
Harrington Road|Birkbeck
Avenue Road|Birkbeck
Avenue Road|Beckenham Road
Beckenham Junction|Beckenham Road
Wanstead Park|Forest Gate
Hackney Downs|Hackney Central
South Tottenham|Seven Sisters
Walthamstow Central|Walthamstow Queen's Road
Harringay Green Lanes|Manor House
Caledonian Road|Caledonian Road & Barnsbury
Archway|Upper Holloway
Camden Road|Camden Town
Finchley Road & Frognal|Finchley Road
Kenton|Northwick Park
Hanger Lane|Park Royal
Euston|Euston Square
Bow Church|Bow Road
Royal Victoria|Emirates Royal Docks
North Greenwich|Emirates Greenwich Penisula
Tower Hill|Tower Gateway
White City|Wood Lane
Clapham High Street|Clapham North
New Cross|New Cross Gate
South Wimbledon|Morden Road
South Hampstead|Swiss Cottage